0000068000007,00000680000079
0001120600085,00011206000855
0001251120121,00012511201210
0001251121122,00012511211226
0001251130010,00012511300104
0001251132004,00012511320041
0001251140500,00012511405007
0001251140600,00012511406004
0001251144471,00012511444716
0001251144641,00012511446413
0001251144652,00012511446529
0001251160000,00012511600006
0001356200015,00013562000159
0001356200017,00013562000173
0001356200051,00013562000517
0001356200052,00013562000524
0001356200062,00013562000623
0001356200126,00013562001262
0001356200142,00013562001422
0001356200143,00013562001439
0001356200144,00013562001446
0001356200240,00013562002405
0001356200241,00013562002412
0001356211105,00013562111053
0001356211107,00013562111077
0001356230039,00013562300396
0001356230063,00013562300631
0001356230065,00013562300655
0001356230066,00013562300662
0001356230069,00013562300693
0001356230097,00013562300976
0001356230098,00013562300983
0001356230220,00013562302208
0001356230230,00013562302307
0001356230234,00013562302345
0001356231302,00013562313020
0001356246709,00013562467099
0001356246712,00013562467129
0001356248909,00013562489091
0001376402701,00013764027015
0001376402703,00013764027039
0001376402705,00013764027053
0001376402712,00013764027121
0001376402717,00013764027176
0001396446924,00013964469240
0001583902219,00015839022192
0001583902220,00015839022208
0001607312345,00016073123454
0001707700532,00017077005326
0001707700732,00017077007320
0001707707232,00017077072328
0001707707332,00017077073325
0001862770312,00018627703129
0001862770317,00018627703174
0001862770338,00018627703389
0001878750501,00018787505014
0001878792001,00018787920015
0001878792002,00018787920022
0001878792003,00018787920039
0001878792004,00018787920046
0001878795001,00018787950012
0001878795002,00018787950029
0001878795004,00018787950043
0001878795005,00018787950050
0001878796002,00018787960028
0001933640010,00019336400101
0002171841278,00021718412787
0002190813473,00021908134734
0002190829102,00021908291024
0002190840676,00021908406763
0002190840677,00021908406770
0002190840724,00021908407241
0002190840772,00021908407722
0002190843095,00021908430959
0002190843097,00021908430973
0002190844215,00021908442150
0002190845553,00021908455532
0002190845557,00021908455570
0002190845558,00021908455587
0002190845559,00021908455594
0002190846027,00021908460277
0002190846526,00021908465265
0002190847713,00021908477138
0002190850124,00021908501246
0002190850135,00021908501352
0002190850140,00021908501406
0002190850141,00021908501413
0002190850145,00021908501451
0002190850187,00021908501871
0002190850197,00021908501970
0002190850324,00021908503240
0002190850335,00021908503356
0002190850340,00021908503400
0002190850345,00021908503455
0002190850401,00021908504018
0002190850410,00021908504100
0002190850419,00021908504193
0002190850507,00021908505077
0002190850508,00021908505084
0002190851376,00021908513768
0002190851377,00021908513775
0002190851382,00021908513829
0002190851495,00021908514956
0002190852501,00021908525013
0002190854301,00021908543017
0002190855011,00021908550114
0002190863201,00021908632018
0002190863203,00021908632032
0002190863204,00021908632049
0002190863206,00021908632063
0002190863208,00021908632087
0002190863209,00021908632094
0002190874331,00021908743318
0002190896511,00021908965116
0002190896512,00021908965123
0002190896513,00021908965130
0002190896516,00021908965161
0002190896540,00021908965406
0002250600200,00022506002005
0002250600205,00022506002050
0002250600206,00022506002067
0002250600207,00022506002074
0002250600233,00022506002333
0002250600235,00022506002357
0002250600240,00022506002401
0002250600248,00022506002487
0002250610260,00022506102606
0002250610417,00022506104174
0002250611201,00022506112018
0002250611710,00022506117105
0002250613710,00022506137103
0002250613720,00022506137202
0002250616505,00022506165052
0002250618010,00022506180109
0002250632408,00022506324084
0002250642137,00022506421370
0002250642175,00022506421752
0002250667789,00022506677890
0002250693451,00022506934511
0002292942804,00022929428048
0002354740011,00023547400119
0002354740021,00023547400218
0002354740053,00023547400539
0002354740055,00023547400553
0002354784001,00023547840014
0002354784301,00023547843015
0002354784401,00023547844012
0002354784701,00023547847013
0002354784901,00023547849017
0002354785201,00023547852017
0002354788101,00023547881017
0002392310044,00023923100442
0002392310074,00023923100749
0002392320013,00023923200135
0002392320016,00023923200166
0002392320018,00023923200180
0002392320019,00023923200197
0002392320196,00023923201965
0002392320209,00023923202092
0002392320420,00023923204201
0002392330030,00023923300309
0002392330031,00023923300316
0002392330032,00023923300323
0002392330033,00023923300330
0002392330034,00023923300347
0002392330035,00023923300354
0002392330037,00023923300378
0002392332001,00023923320017
0002392332004,00023923320048
0002392332012,00023923320123
0002392333011,00023923330115
0002392333012,00023923330122
0002392333013,00023923330139
0002392333014,00023923330146
0002392340054,00023923400542
0002392350045,00023923500457
0002392350048,00023923500488
0002392350060,00023923500600
0002392350074,00023923500747
0002392390001,00023923900011
0002392390017,00023923900172
0002418200025,00024182000252
0002418200062,00024182000627
0002418200063,00024182000634
0002418200066,00024182000665
0002418200117,00024182001174
0002418200201,00024182002010
0002418200220,00024182002201
0002418200252,00024182002522
0002418200253,00024182002539
0002418200255,00024182002553
0002418200256,00024182002560
0002418200259,00024182002591
0002418201100,00024182011005
0002418201159,00024182011593
0002418202535,00024182025354
0002418202545,00024182025453
0002418211151,00024182111514
0002418218120,00024182181203
0002418218137,00024182181371
0002418218145,00024182181456
0002418218156,00024182181562
0002418230011,00024182300116
0002418242216,00024182422160
0002428435012,00024284350125
0002428435411,00024284354116
0002428465111,00024284651116
0002428478221,00024284782216
0002433516006,00024335160062
0002433516026,00024335160260
0002433516046,00024335160468
0002433516206,00024335162066
0002433516236,00024335162363
0002529360089,00025293600898
0002531700510,00025317005104
0002531700550,00025317005500
0002531700667,00025317006675
0002531756500,00025317565004
0002563861004,00025638610049
0002639584032,00026395840328
0002706459600,00027064596003
0003056811524,00030568115243
0003087100001,00030871000014
0003087100002,00030871000021
0003087100010,00030871000106
0003087100450,00030871004500
0003087100460,00030871004609
0003087130093,00030871300930
0003087130105,00030871301050
0003149302160,00031493021609
0003149302200,00031493022002
0003149302320,00031493023207
0003149302340,00031493023405
0003149306044,00031493060448
0003149306065,00031493060653
0003149306085,00031493060851
0003149306105,00031493061056
0003149306145,00031493061452
0003149307120,00031493071208
0003149324242,00031493242424
0003149331751,00031493317511
0003149341201,00031493412018
0003149341202,00031493412025
0003149341204,00031493412049
0003149341205,00031493412056
0003149354371,00031493543712
0003149354373,00031493543736
0003149377637,00031493776370
0003149377639,00031493776394
0003149380489,00031493804899
0003149381132,00031493811323
0003149382888,00031493828888
0003149392183,00031493921831
0003291700009,00032917000095
0003291700012,00032917000125
0003291700013,00032917000132
0003291700014,00032917000149
0003291700022,00032917000224
0003291700032,00032917000323
0003291700051,00032917000514
0003291700052,00032917000521
0003291700067,00032917000675
0003291700102,00032917001023
0003291700154,00032917001542
0003291700156,00032917001566
0003291700159,00032917001597
0003291700164,00032917001641
0003291700165,00032917001658
0003291700235,00032917002358
0003291700237,00032917002372
0003291700247,00032917002471
0003291700253,00032917002532
0003291700254,00032917002549
0003291700256,00032917002563
0003367412850,00033674128503
0003377601171,00033776011710
0003377601175,00033776011758
0003452912365,00034529123650
0003452912383,00034529123834
0003574222911,00035742229112
0003574222912,00035742229129
0003619212044,00036192120448
0003619212045,00036192120455
0003619212046,00036192120462
0003619212077,00036192120776
0003619212210,00036192122107
0003619212213,00036192122138
0003619212215,00036192122152
0003619212216,00036192122169
0003619212221,00036192122213
0003619212222,00036192122220
0003619212225,00036192122251
0003619212226,00036192122268
0003619212227,00036192122275
0003619212239,00036192122398
0003619212241,00036192122411
0003619212245,00036192122459
0003619212246,00036192122466
0003619212247,00036192122473
0003619212259,00036192122596
0003619212260,00036192122602
0003619212267,00036192122671
0003619212289,00036192122893
0003619212291,00036192122916
0003619212294,00036192122947
0003619212303,00036192123036
0003619212305,00036192123050
0003619212307,00036192123074
0003997800860,00039978008602
0003997800866,00039978008664
0003997800919,00039978009197
0003997800937,00039978009371
0003997800940,00039978009401
0003997802991,00039978029911
0004114847371,00041148473714
0004114847372,00041148473721
0004114847373,00041148473738
0004114847374,00041148473745
0004114847375,00041148473752
0004114847376,00041148473769
0004114847377,00041148473776
0004119613861,00041196138610
0004119613863,00041196138634
0004119640502,00041196405026
0004119640505,00041196405057
0004165301203,00041653012033
0004195400005,00041954000050
0004195400006,00041954000067
0004195400007,00041954000074
0004195400008,00041954000081
0004227200389,00042272003891
0004227200390,00042272003907
0004227200501,00042272005017
0004227200502,00042272005024
0004227200504,00042272005048
0004227200505,00042272005055
0004227200506,00042272005062
0004227200507,00042272005079
0004227200508,00042272005086
0004227200511,00042272005116
0004227200512,00042272005123
0004227200517,00042272005178
0004227200530,00042272005307
0004227200535,00042272005352
0004227200536,00042272005369
0004227200540,00042272005406
0004227200547,00042272005475
0004227200551,00042272005512
0004227200552,00042272005529
0004227200561,00042272005611
0004227200564,00042272005642
0004227200580,00042272005802
0004227200581,00042272005819
0004227200582,00042272005826
0004227200583,00042272005833
0004227200586,00042272005864
0004227200589,00042272005895
0004227200629,00042272006298
0004227200669,00042272006694
0004256300136,00042563001360
0004256300743,00042563007430
0004256300763,00042563007638
0004256300767,00042563007676
0004256300768,00042563007683
0004256300769,00042563007690
0004256300788,00042563007881
0004256300793,00042563007935
0004256301363,00042563013639
0004256301364,00042563013646
0004256301365,00042563013653
0004256301366,00042563013660
0004256301367,00042563013677
0004256301626,00042563016265
0004256301627,00042563016272
0004256301654,00042563016548
0004256360000,00042563600006
0004256360001,00042563600013
0004256360002,00042563600020
0004256360003,00042563600037
0004256360004,00042563600044
0004256360005,00042563600051
0004256360007,00042563600075
0004256360008,00042563600082
0004256360009,00042563600099
0004256360010,00042563600105
0004256360011,00042563600112
0004256360020,00042563600204
0004256360021,00042563600211
0004256360023,00042563600235
0004256360024,00042563600242
0004256360025,00042563600259
0004256360026,00042563600266
0004256360032,00042563600327
0004256360033,00042563600334
0004256360034,00042563600341
0004256360035,00042563600358
0004256360054,00042563600549
0004256360055,00042563600556
0004256360056,00042563600563
0004256360058,00042563600587
0004256360059,00042563600594
0004256360085,00042563600853
0004256360086,00042563600860
0004256360087,00042563600877
0004256360088,00042563600884
0004256360089,00042563600891
0004256360090,00042563600907
0004256360109,00042563601096
0004256360110,00042563601102
0004256360111,00042563601119
0004256360114,00042563601140
0004256360115,00042563601157
0004256360116,00042563601164
0004256360117,00042563601171
0004256360118,00042563601188
0004256360119,00042563601195
0004256360120,00042563601201
0004256360174,00042563601744
0004256360190,00042563601904
0004256360191,00042563601911
0004256360194,00042563601942
0004256360195,00042563601959
0004256360204,00042563602048
0004256360206,00042563602062
0004256360207,00042563602079
0004256360208,00042563602086
0004256360209,00042563602093
0004256360219,00042563602192
0004256360220,00042563602208
0004256360221,00042563602215
0004256360222,00042563602222
0004256360260,00042563602604
0004256360261,00042563602611
0004256360262,00042563602628
0004256360263,00042563602635
0004256360266,00042563602666
0004256360268,00042563602680
0004256360287,00042563602871
0004256360288,00042563602888
0004256360289,00042563602895
0004256360291,00042563602918
0004256360294,00042563602949
0004256360297,00042563602970
0004256360298,00042563602987
0004256360299,00042563602994
0004256360300,00042563603007
0004256360302,00042563603021
0004256360303,00042563603038
0004256360304,00042563603045
0004256360309,00042563603090
0004256360310,00042563603106
0004256360312,00042563603120
0004256360313,00042563603137
0004256360314,00042563603144
0004256360324,00042563603243
0004256360325,00042563603250
0004256360330,00042563603304
0004256360331,00042563603311
0004256360332,00042563603328
0004256360336,00042563603366
0004256360339,00042563603397
0004256360357,00042563603571
0004256360358,00042563603588
0004256360360,00042563603601
0004256360362,00042563603625
0004256360363,00042563603632
0004256360364,00042563603649
0004256360367,00042563603670
0004256360368,00042563603687
0004256360369,00042563603694
0004256360374,00042563603748
0004256360384,00042563603847
0004256360386,00042563603861
0004256360387,00042563603878
0004256360389,00042563603892
0004256360390,00042563603908
0004256360391,00042563603915
0004256360392,00042563603922
0004256360395,00042563603953
0004256360397,00042563603977
0004256360398,00042563603984
0004256360399,00042563603991
0004256360400,00042563604004
0004256360403,00042563604035
0004256360404,00042563604042
0004260812501,00042608125013
0004260812521,00042608125211
0004260843201,00042608432012
0004260843202,00042608432029
0004260845905,00042608459057
0004260845910,00042608459101
0004260845975,00042608459750
0004260845977,00042608459774
0004260846001,00042608460015
0004260846002,00042608460022
0004260847001,00042608470014
0004260847002,00042608470021
0004260847006,00042608470069
0004260847008,00042608470083
0004260847019,00042608470199
0004260847021,00042608470212
0004260847050,00042608470502
0004318200051,00043182000512
0004318200070,00043182000703
0004318200092,00043182000925
0004318200206,00043182002066
0004318200207,00043182002073
0004318200208,00043182002080
0004318200209,00043182002097
0004318200355,00043182003551
0004318200357,00043182003575
0004318200522,00043182005227
0004318200830,00043182008303
0004318200851,00043182008518
0004318200852,00043182008525
0004318200855,00043182008556
0004318200859,00043182008594
0004318200868,00043182008686
0004318200871,00043182008716
0004318200890,00043182008907
0004319210580,00043192105801
0004319231550,00043192315507
0004319240510,00043192405109
0004319261020,00043192610206
0004319261050,00043192610503
0004319261080,00043192610800
0004319261090,00043192610909
0004319290595,00043192905951
0004345409010,00043454090104
0004395200025,00043952000254
0004408203221,00044082032214
0004408204541,00044082045412
0004408252231,00044082522319
0004408253031,00044082530314
0004744591911,00047445919115
0004744591912,00047445919122
0004744591921,00047445919214
0004744591922,00047445919221
0004744591923,00047445919238
0004744591942,00047445919429
0004744591943,00047445919436
0004744591951,00047445919511
0004744591953,00047445919535
0004744591954,00047445919542
0004744591961,00047445919610
0004744591963,00047445919634
0004744591971,00047445919719
0004744591991,00047445919917
0004744591992,00047445919924
0004868500002,00048685000021
0004900006952,00049000069525
0004900006954,00049000069549
0004900006956,00049000069563
0004900006958,00049000069587
0004900006960,00049000069600
0004956818016,00049568180168
0005138190311,00051381903114
0005138190348,00051381903480
0005138190349,00051381903497
0005138190350,00051381903503
0005138190607,00051381906078
0005138190608,00051381906085
0005138190609,00051381906092
0005138190801,00051381908010
0005138190804,00051381908041
0005138191400,00051381914004
0005138191402,00051381914028
0005138191403,00051381914035
0005138191405,00051381914059
0005138199811,00051381998110
0005138199812,00051381998127
0005165109232,00051651092326
0005165109233,00051651092333
0005165109235,00051651092357
0005165109236,00051651092364
0005215900001,00052159000011
0005215900002,00052159000028
0005215900006,00052159000066
0005215900007,00052159000073
0005215900011,00052159000110
0005215900013,00052159000134
0005215900081,00052159000813
0005215900083,00052159000837
0005215900201,00052159002015
0005215900202,00052159002022
0005215900210,00052159002107
0005215900215,00052159002152
0005215900520,00052159005207
0005215905000,00052159050009
0005215909004,00052159090043
0005215953103,00052159531034
0005215953107,00052159531072
0005215953250,00052159532505
0005215970113,00052159701130
0005215970248,00052159702489
0005215970249,00052159702496
0005215970250,00052159702502
0005215970253,00052159702533
0005260304100,00052603041003
0005260304120,00052603041201
0005260304180,00052603041805
0005260304184,00052603041843
0005260304255,00052603042550
0005260304279,00052603042796
0005260304281,00052603042819
0005260304282,00052603042826
0005260305410,00052603054102
0005260305425,00052603054256
0005260305428,00052603054287
0005260305429,00052603054294
0005260305431,00052603054317
0005260305435,00052603054355
0005260305445,00052603054454
0005260305450,00052603054508
0005260305462,00052603054621
0005260305464,00052603054645
0005260305467,00052603054676
0005260305468,00052603054683
0005260305469,00052603054690
0005260305472,00052603054720
0005260305473,00052603054737
0005260305488,00052603054881
0005260305491,00052603054911
0005260305492,00052603054928
0005260305493,00052603054935
0005260305494,00052603054942
0005260305607,00052603056076
0005260306435,00052603064354
0005260306503,00052603065030
0005260306504,00052603065047
0005260306570,00052603065702
0005260309468,00052603094689
0005260309469,00052603094696
0005431900001,00054319000015
0005431900004,00054319000046
0005833617600,00058336176005
0005833617604,00058336176043
0005844916207,00058449162070
0005844916511,00058449165118
0005844916515,00058449165156
0005844916701,00058449167013
0005844932005,00058449320050
0005844932007,00058449320074
0005844941000,00058449410003
0005844941001,00058449410010
0005844941002,00058449410027
0005844941009,00058449410096
0005844941010,00058449410102
0005844941015,00058449410157
0005844943000,00058449430001
0005844943001,00058449430018
0005844943002,00058449430025
0005844943023,00058449430230
0005844945000,00058449450009
0005844945002,00058449450023
0005844945003,00058449450030
0005844945004,00058449450047
0005844945061,00058449450610
0005844959054,00058449590545
0005844959056,00058449590569
0005844959058,00058449590583
0005844959066,00058449590668
0005844959072,00058449590729
0005844959077,00058449590774
0005844960057,00058449600572
0005844960231,00058449602316
0005844962001,00058449620013
0005844962004,00058449620044
0005844977001,00058449770015
0005844977021,00058449770213
0005844977050,00058449770503
0005844977094,00058449770947
0005844977103,00058449771036
0005844977143,00058449771432
0005844977155,00058449771555
0005844977162,00058449771623
0005844977164,00058449771647
0005844977180,00058449771807
0005844977198,00058449771982
0005844977700,00058449777007
0005844977901,00058449779018
0005844977911,00058449779117
0005844986003,00058449860037
0005844986007,00058449860075
0005844987012,00058449870128
0005844987024,00058449870241
0005844989007,00058449890072
0005844989033,00058449890331
0005844989100,00058449891000
0005844989101,00058449891017
0006667662753,00066676627538
0006727500094,00067275000944
0006727500098,00067275000982
0006727500099,00067275000999
0006727500100,00067275001002
0006727500650,00067275006502
0006727500651,00067275006519
0006727500654,00067275006540
0006882604511,00068826045117
0006882604514,00068826045148
0006882620001,00068826200011
0006882620003,00068826200035
0006882620005,00068826200059
0007073453395,00070734533952
0007205011010,00072050110107
0007216912165,00072169121650
0007260903832,00072609038326
0007260904345,00072609043450
0007260904346,00072609043467
0007260904347,00072609043474
0007260904348,00072609043481
0007260904349,00072609043498
0007260974100,00072609741004
0007260974104,00072609741042
0007260974119,00072609741196
0007260974120,00072609741202
0007260974121,00072609741219
0007260974123,00072609741233
0007260974138,00072609741387
0007260974181,00072609741813
0007260974182,00072609741820
0007260974183,00072609741837
0007260974184,00072609741844
0007260974185,00072609741851
0007341600014,00073416000148
0007341600015,00073416000155
0007341600017,00073416000179
0007341600024,00073416000247
0007341600026,00073416000261
0007341600028,00073416000285
0007341600045,00073416000452
0007341600046,00073416000469
0007341600047,00073416000476
0007341600048,00073416000483
0007341600160,00073416001602
0007341600306,00073416003064
0007341602012,00073416020122
0007341602013,00073416020139
0007341602014,00073416020146
0007341602033,00073416020337
0007341602034,00073416020344
0007341602035,00073416020351
0007341651040,00073416510401
0007341651050,00073416510500
0007341651060,00073416510609
0007341653090,00073416530904
0007341653140,00073416531406
0007341653150,00073416531505
0007341653160,00073416531604
0007341653220,00073416532205
0007341653260,00073416532601
0007347200101,00073472001011
0007347200116,00073472001165
0007347200117,00073472001172
0007347200120,00073472001202
0007347200123,00073472001233
0007347200131,00073472001318
0007347200200,00073472002001
0007347200201,00073472002018
0007347200213,00073472002131
0007347200255,00073472002551
0007347200256,00073472002568
0007347200257,00073472002575
0007347200370,00073472003701
0007347200400,00073472004005
0007430500116,00074305001161
0007430500132,00074305001321
0007430501128,00074305011283
0007430503312,00074305033124
0007430503512,00074305035128
0007430505016,00074305050169
0007430505316,00074305053160
0007433337470,00074333374701
0007433337499,00074333374992
0007433338302,00074333383024
0007433338312,00074333383123
0007433338530,00074333385301
0007433347491,00074333474913
0007433348112,00074333481126
0007433368330,00074333683308
0007467784211,00074677842119
0007467784212,00074677842126
0007467784214,00074677842140
0007468210301,00074682103014
0007468210364,00074682103649
0007468210501,00074682105018
0007468210712,00074682107128
0007468210727,00074682107272
0007468210730,00074682107302
0007468210731,00074682107319
0007468210734,00074682107340
0007468210761,00074682107616
0007468210778,00074682107784
0007468210779,00074682107791
0007468210781,00074682107814
0007468210782,00074682107821
0007468211140,00074682111408
0007468211141,00074682111415
0007468211147,00074682111477
0007468211831,00074682118315
0007468211837,00074682118377
0007468215110,00074682151107
0007468215125,00074682151251
0007468220025,00074682200256
0007468220027,00074682200270
0007468220028,00074682200287
0007468220029,00074682200294
0007468220030,00074682200300
0007487300004,00074873000047
0007487300010,00074873000108
0007487309080,00074873090802
0007487310012,00074873100129
0007487316320,00074873163209
0007487316321,00074873163216
0007487316322,00074873163223
0007487316323,00074873163230
0007487316324,00074873163247
0007487316325,00074873163254
0007487316327,00074873163278
0007487316331,00074873163315
0007487317010,00074873170108
0007487317020,00074873170207
0007487325320,00074873253207
0007487325321,00074873253214
0007487325323,00074873253238
0007487325324,00074873253245
0007487396015,00074873960150
0007487396810,00074873968101
0007487397083,00074873970838
0007518100113,00075181001139
0007581000125,00075810001257
0007581000425,00075810004258
0007581004125,00075810041253
0007581004135,00075810041352
0007637101211,00076371012119
0007637101221,00076371012218
0007637101231,00076371012317
0007695020295,00076950202955
0007695020458,00076950204584
0007695020470,00076950204706
0007695020471,00076950204713
0007695020516,00076950205161
0007695041516,00076950415164
0007695041527,00076950415270
0007695045004,00076950450042
0007695045009,00076950450097
0007695045011,00076950450110
0007695045018,00076950450189
0007695045032,00076950450325
0007695045041,00076950450417
0007695045042,00076950450424
0007695045047,00076950450479
0007695045050,00076950450509
0007717248000,00077172480008
0007724150075,00077241500750
0007831421175,00078314211757
0007831421235,00078314212358
0007831431235,00078314312355
0007912610454,00079126104541
0007912610457,00079126104572
0007912610460,00079126104602
0007985861264,00079858612642
0007985862224,00079858622245
0008131230000,00081312300002
0008131230002,00081312300026
0008131230030,00081312300309
0008131240030,00081312400306
0008131250000,00081312500006
0008131260000,00081312600003
0008131261000,00081312610002
0008425322215,00084253222150
0008425322465,00084253224659
0008425322466,00084253224666
0008425323240,00084253232401
0008425323241,00084253232418
0008425324001,00084253240017
0008425324002,00084253240024
0008425324038,00084253240383
0008425324040,00084253240406
0008425324041,00084253240413
0008425324045,00084253240451
0008425324046,00084253240468
0008425324047,00084253240475
0008425324048,00084253240482
0008425324049,00084253240499
0008425324069,00084253240697
0008425324154,00084253241540
0008425324624,00084253246248
0008425324625,00084253246255
0008425324626,00084253246262
0008425326020,00084253260206
0008425326021,00084253260213
0008425327060,00084253270601
0008425377771,00084253777711
0008425377774,00084253777742
0008425382855,00084253828550
0008438096124,00084380961243
0008733663340,00087336633409
0008912522000,00089125220005
0008912525000,00089125250002
0008912527000,00089125270000
0008912529000,00089125290008
0008912541200,00089125412004
0008983602340,00089836023407
0008983615705,00089836157058
0008983615721,00089836157218
0008983618035,00089836180353
0008983618036,00089836180360
0008983618042,00089836180421
0008983618262,00089836182623
0008983618267,00089836182678
0008983618454,00089836184542
0008983618461,00089836184610
0008983618504,00089836185044
0008983618512,00089836185129
0008983618513,00089836185136
0008983618514,00089836185143
0008983618516,00089836185167
0008983618517,00089836185174
0008983618518,00089836185181
0008983618521,00089836185211
0008983618524,00089836185242
0008983618525,00089836185259
0008983618526,00089836185266
0008983618530,00089836185303
0008983618531,00089836185310
0008983618532,00089836185327
0008983618533,00089836185334
0008983618535,00089836185358
0008983618537,00089836185372
0008983618538,00089836185389
0008983618539,00089836185396
0008983618600,00089836186003
0008983618601,00089836186010
0008983618603,00089836186034
0008983618604,00089836186041
0008983618608,00089836186089
0008983618611,00089836186119
0008983618613,00089836186133
0008983618667,00089836186676
0008983618744,00089836187444
0008983618760,00089836187604
0008983618761,00089836187611
0008983618762,00089836187628
0008983618763,00089836187635
0008983618764,00089836187642
0008983618766,00089836187666
0008983618840,00089836188403
0008983618841,00089836188410
0008983618842,00089836188427
0008983618843,00089836188434
0008983618956,00089836189561
0008983618958,00089836189585
0008983618959,00089836189592
0008983619474,00089836194749
0008983619480,00089836194800
0008983619481,00089836194817
0008983619482,00089836194824
0008983619496,00089836194961
0008983619497,00089836194978
0008983619517,00089836195173
0008983619519,00089836195197
0008983619535,00089836195357
0008983623182,00089836231826
0008983623183,00089836231833
0008983623190,00089836231901
0008983623191,00089836231918
0008983631005,00089836310057
0008983631006,00089836310064
0008983631050,00089836310507
0008983631070,00089836310705
0008983650018,00089836500182
0008983650082,00089836500823
0008994730217,00089947302170
0008994730218,00089947302187
0009103711780,00091037117809
0009103711781,00091037117816
0009232500006,00092325000063
0009232522221,00092325222212
0009232522225,00092325222250
0009232533312,00092325333123
0009232533314,00092325333147
0009232533317,00092325333178
0009232533323,00092325333239
0009232533324,00092325333246
0009232533345,00092325333451
0009232533351,00092325333512
0009232533352,00092325333529
0009232533353,00092325333536
0009232533357,00092325333574
0009396600005,00093966000054
0009396600014,00093966000146
0009396600015,00093966000153
0009396600016,00093966000160
0009396600017,00093966000177
0009396600021,00093966000214
0009396600022,00093966000221
0009396600028,00093966000283
0009396600029,00093966000290
0009396600030,00093966000306
0009396600032,00093966000320
0009396600033,00093966000337
0009396600034,00093966000344
0009396600035,00093966000351
0009396600052,00093966000528
0009396600056,00093966000566
0009396600090,00093966000900
0009396600091,00093966000917
0009396600200,00093966002003
0009396600201,00093966002010
0009396600202,00093966002027
0009396600203,00093966002034
0009396600204,00093966002041
0009396600205,00093966002058
0009396600206,00093966002065
0009396600211,00093966002119
0009396600214,00093966002140
0009396600216,00093966002164
0009396600219,00093966002195
0009396600220,00093966002201
0009396600221,00093966002218
0009396600226,00093966002263
0009396600227,00093966002270
0009396600228,00093966002287
0009396600385,00093966003857
0009396600455,00093966004557
0009396600473,00093966004731
0009396600474,00093966004748
0009396600486,00093966004861
0009396600501,00093966005011
0009396600504,00093966005042
0009396600513,00093966005134
0009396600529,00093966005295
0009396600530,00093966005301
0009396600537,00093966005370
0009396600538,00093966005387
0009396600539,00093966005394
0009396600540,00093966005400
0009396600541,00093966005417
0009396600542,00093966005424
0009396600558,00093966005585
0009396600559,00093966005592
0009396600568,00093966005684
0009396600571,00093966005714
0009396600582,00093966005820
0009396600601,00093966006018
0009396600602,00093966006025
0009396611310,00093966113105
0009396611320,00093966113204
0009396611330,00093966113303
0009396613000,00093966130003
0009396621101,00093966211016
0009396621301,00093966213010
0009396621310,00093966213102
0009396621320,00093966213201
0009396621340,00093966213409
0009396621350,00093966213508
0009396621360,00093966213607
0009396621390,00093966213904
0009396622101,00093966221015
0009396625370,00093966253702
0009396633000,00093966330007
0009396641210,00093966412109
0009396645270,00093966452709
0009396647208,00093966472080
0009396651015,00093966510157
0009396651052,00093966510522
0009396651062,00093966510621
0009396651225,00093966512250
0009396651245,00093966512458
0009396651300,00093966513004
0009396651500,00093966515008
0009396681111,00093966811117
0009396681120,00093966811209
0009396681121,00093966811216
0009396681170,00093966811704
0009472350002,00094723500022
0009472350003,00094723500039
0009472350004,00094723500046
0009472350007,00094723500077
0009492239474,00094922394743
0009492239475,00094922394750
0009492239476,00094922394767
0009492239477,00094922394774
0009492239479,00094922394798
0009492239486,00094922394866
0009492239487,00094922394873
0009492239489,00094922394897
0009541100125,00095411001258
0009541100126,00095411001265
0009541100130,00095411001302
0009541100131,00095411001319
0009568430012,00095684300126
0009830800280,00098308002802
0009830800282,00098308002826
0009830800283,00098308002833
0018099900100,00180999001001
0018194500005,00181945000055
0018194500006,00181945000062
0018194500012,00181945000123
0018194500016,00181945000161
0018194500017,00181945000178
0018194500041,00181945000413
0018194500042,00181945000420
0018194500043,00181945000437
0018581400060,00185814000603
0018588900022,00185889000225
0018588900023,00185889000232
0018588900027,00185889000270
0018588900029,00185889000294
0018588900030,00185889000300
0018775900003,00187759000038
0023300000000,00233000000002
0060827410900,00608274109001
0060928000010,00609280000108
0061046210400,00610462104002
0061046210500,00610462105009
0061056360310,00610563603107
0061288488717,00612884887174
0061288488723,00612884887235
0061288488725,00612884887259
0061288488727,00612884887273
0061290009960,00612900099604
0061309890104,00613098901045
0062168302015,00621683020156
0062168302115,00621683021153
0062168302125,00621683021252
0062168302135,00621683021351
0063243233310,00632432333106
0063243233320,00632432333205
0063243233330,00632432333304
0063243270877,00632432708775
0063243271777,00632432717777
0063243272877,00632432728773
0063243273777,00632432737775
0063243275777,00632432757773
0063243291100,00632432911007
0063243291160,00632432911601
0063243296201,00632432962016
0063243296304,00632432963044
0063547511112,00635475111120
0063687404087,00636874040875
0063687404088,00636874040882
0063687412087,00636874120874
0063687421000,00636874210001
0063888200200,00638882002005
0063888200203,00638882002036
0063888200204,00638882002043
0063888200210,00638882002104
0064850503500,00648505035006
0065117006501,00651170065018
0065117006502,00651170065025
0065117006506,00651170065063
0065153806726,00651538067265
0065153806729,00651538067296
0065153807825,00651538078254
0065153846202,00651538462022
0065153846205,00651538462053
0065264200021,00652642000216
0065264200330,00652642003309
0065264200690,00652642006904
0065762201977,00657622019776
0065762206879,00657622068798
0065762210247,00657622102478
0065762211175,00657622111753
0065762221294,00657622212948
0065762230111,00657622301116
0065762231179,00657622311795
0065762231880,00657622318800
0065762231882,00657622318824
0065762231985,00657622319852
0065762241983,00657622419835
0065762251500,00657622515001
0065762251680,00657622516800
0065762261112,00657622611123
0065762271450,00657622714503
0065762281584,00657622815842
0065762281692,00657622816924
0065762283174,00657622831743
0065833447281,00658334472811
0065833447282,00658334472828
0065833447283,00658334472835
0065833473663,00658334736630
0065833474355,00658334743553
0065920110201,00659201102015
0065920110202,00659201102022
0066559601002,00665596010026
0066559601301,00665596013010
0066559601302,00665596013027
0066738310103,00667383101030
0066738310104,00667383101047
0066738310105,00667383101054
0066738310203,00667383102037
0066738310204,00667383102044
0066738310205,00667383102051
0066738310309,00667383103096
0066738310501,00667383105014
0066738310503,00667383105038
0066738310504,00667383105045
0066738310701,00667383107018
0066738311303,00667383113033
0066738311304,00667383113040
0066738311313,00667383113132
0066738311315,00667383113156
0067195900001,00671959000016
0067195900004,00671959000047
0068069210108,00680692101089
0068069210109,00680692101096
0068069210360,00680692103601
0068069210430,00680692104301
0068069210550,00680692105506
0068069210551,00680692105513
0069275200010,00692752000102
0069275210000,00692752100000
0069275210180,00692752101809
0069275210311,00692752103117
0069275210352,00692752103520
0069275210357,00692752103575
0069275210500,00692752105005
0069275210502,00692752105029
0069275210676,00692752106767
0069275220005,00692752200052
0069275231114,00692752311147
0069706812011,00697068120117
0069706812013,00697068120131
0069706859011,00697068590118
0069706859012,00697068590125
0069706859013,00697068590132
0069765820101,00697658201011
0069765820102,00697658201028
0069765820201,00697658202018
0069765820203,00697658202032
0069765820204,00697658202049
0069765820301,00697658203015
0070072995455,00700729954553
0070072995457,00700729954577
0070072995458,00700729954584
0070072995459,00700729954591
0070072995460,00700729954607
0070072995462,00700729954621
0070072995464,00700729954645
0070072995495,00700729954959
0070072995497,00700729954973
0070171577046,00701715770461
0070617300501,00706173005018
0070617300503,00706173005032
0070617300504,00706173005049
0070708210032,00707082100320
0070708213032,00707082130327
0070708240032,00707082400321
0070865610000,00708656100005
0070865610001,00708656100012
0070865610002,00708656100029
0070865610003,00708656100036
0070865610007,00708656100074
0070865610041,00708656100418
0070865610050,00708656100500
0071651422900,00716514229003
0071651453950,00716514539508
0071812206447,00718122064472
0071833432222,00718334322223
0071833432223,00718334322230
0071833432234,00718334322346
0072225201421,00722252014214
0072225201422,00722252014221
0072225218001,00722252180018
0072225218005,00722252180056
0072225219204,00722252192042
0072225219208,00722252192080
0072225219413,00722252194138
0072225219414,00722252194145
0072225226141,00722252261410
0072225226142,00722252261427
0072225226143,00722252261434
0072225226144,00722252261441
0072225226145,00722252261458
0072225226800,00722252268006
0072225226801,00722252268013
0072225226802,00722252268020
0072225226803,00722252268037
0072243000016,00722430000169
0072243011016,00722430110165
0072243011048,00722430110486
0072243014016,00722430140162
0072243017016,00722430170169
0072243019016,00722430190167
0072243020016,00722430200163
0072243020048,00722430200484
0072243021016,00722430210162
0072243022016,00722430220161
0072243024016,00722430240169
0072243030016,00722430300160
0072243040016,00722430400167
0072243050016,00722430500164
0072243060016,00722430600161
0072243090016,00722430900162
0072534226013,00725342260133
0072534226071,00725342260713
0072534226073,00725342260737
0072534226926,00725342269266
0072534228071,00725342280711
0072534228193,00725342281930
0072534228266,00725342282661
0072534228356,00725342283569
0072534228371,00725342283712
0072534228381,00725342283811
0072534228393,00725342283934
0072534228561,00725342285617
0072534228571,00725342285716
0072534228676,00725342286768
0072534228731,00725342287314
0072534228976,00725342289769
0072534228986,00725342289868
0072534229053,00725342290536
0072534229111,00725342291113
0072534229121,00725342291212
0072534238171,00725342381715
0072534244192,00725342441921
0072534248470,00725342484706
0072534248490,00725342484904
0072534248540,00725342485406
0072534248800,00725342488001
0072534248810,00725342488100
0072802802321,00728028023213
0072960901965,00729609019656
0072990611905,00729906119059
0072990611942,00729906119424
0072990617001,00729906170012
0072990617002,00729906170029
0072990617003,00729906170036
0072990617005,00729906170050
0072990618001,00729906180011
0072990618002,00729906180028
0072990618003,00729906180035
0073402790401,00734027904019
0073402790403,00734027904033
0073402792001,00734027920019
0073503702006,00735037020065
0073621107523,00736211075239
0073621107563,00736211075635
0073762807950,00737628079506
0073762808250,00737628082506
0073769700058,00737697000586
0074139197379,00741391973794
0074139197381,00741391973817
0074139197392,00741391973923
0074447372011,00744473720118
0074447372021,00744473720217
0074447391205,00744473912056
0074447391210,00744473912100
0074447391231,00744473912315
0074447391235,00744473912353
0074447394500,00744473945009
0074447394506,00744473945061
0074599840100,00745998401001
0074599840105,00745998401056
0074599840405,00745998404057
0074599840500,00745998405009
0074599840505,00745998405054
0074599840604,00745998406044
0074599840614,00745998406143
0074599841102,00745998411024
0074599850008,00745998500087
0074599850010,00745998500100
0074599850013,00745998500131
0074599850014,00745998500148
0074599850015,00745998500155
0074599850016,00745998500162
0074599850017,00745998500179
0074599850019,00745998500193
0074599850020,00745998500209
0074599890101,00745998901013
0074599890202,00745998902027
0074599890327,00745998903277
0074599890334,00745998903345
0074599890335,00745998903352
0074599899013,00745998990130
0074599899014,00745998990147
0074599899016,00745998990161
0074599899017,00745998990178
0074599899018,00745998990185
0074599899019,00745998990192
0074599899021,00745998990215
0074599899022,00745998990222
0074599899023,00745998990239
0074875311112,00748753111122
0074875311771,00748753117711
0074875314441,00748753144410
0074875314442,00748753144427
0074875314446,00748753144465
0074875315771,00748753157717
0074875317371,00748753173717
0074875317471,00748753174714
0074875317572,00748753175728
0074875317671,00748753176718
0074875317771,00748753177715
0074875317774,00748753177746
0074875317873,00748753178736
0074875318001,00748753180012
0074875366663,00748753666639
0074875377771,00748753777717
0074875381138,00748753811381
0074875381218,00748753812180
0074875381318,00748753813187
0074875381418,00748753814184
0074875381618,00748753816188
0074875381818,00748753818182
0074875391119,00748753911197
0074875391139,00748753911395
0074875391219,00748753912194
0074875391249,00748753912491
0074875391619,00748753916192
0074875392219,00748753922193
0075008870105,00750088701053
0075008870110,00750088701107
0075008870210,00750088702104
0075008878001,00750088780010
0075008878002,00750088780027
0075008878003,00750088780034
0075764500020,00757645000208
0075764500021,00757645000215
0075764500022,00757645000222
0075764500200,00757645002004
0075764500800,00757645008006
0075764501044,00757645010443
0075764501045,00757645010450
0075764566420,00757645664202
0075792211614,00757922116141
0075792211615,00757922116158
0076235702505,00762357025050
0076235702905,00762357029058
0076235703705,00762357037053
0076235705959,00762357059598
0076235737892,00762357378927
0076235799205,00762357992055
0076711957169,00767119571691
0076711957839,00767119578393
0076733507776,00767335077762
0077870259627,00778702596274
0078087207901,00780872079013
0078087207942,00780872079426
0078087208012,00780872080125
0078087208112,00780872081122
0078087235052,00780872350525
0078500232413,00785002324131
0078503000011,00785030000113
0078503000014,00785030000144
0078503002041,00785030020418
0078503002042,00785030020425
0078503002044,00785030020449
0078503002047,00785030020470
0078503002119,00785030021194
0078503002125,00785030021255
0078503011692,00785030116920
0078503012345,00785030123454
0078503022770,00785030227701
0078503031168,00785030311684
0078503055555,00785030555552
0078503055557,00785030555576
0078503055559,00785030555590
0078503055561,00785030555613
0078664803001,00786648030011
0078696901005,00786969010051
0078696901013,00786969010136
0079022310125,00790223101256
0079055506151,00790555061518
0079087400101,00790874001011
0079087400102,00790874001028
0079087400105,00790874001059
0079357394021,00793573940216
0079357394028,00793573940285
0079357394029,00793573940292
0079357394030,00793573940308
0079421300003,00794213000031
0079421300013,00794213000130
0079450473005,00794504730050
0079452220098,00794522200986
0079523980110,00795239801107
0079570901003,00795709010039
0079570901006,00795709010060
0079570901007,00795709010077
0079570901017,00795709010176
0079570906511,00795709065114
0079570907512,00795709075120
0079570908011,00795709080117
0079570908012,00795709080124
0079570908013,00795709080131
0079570908014,00795709080148
0079570908511,00795709085112
0079570908901,00795709089011
0079570908903,00795709089035
0079570909512,00795709095128
0079921011250,00799210112503
0079921017501,00799210175010
0079921022224,00799210222240
0079921022227,00799210222271
0079921022228,00799210222288
0079921022231,00799210222318
0079921037501,00799210375014
0079921037502,00799210375021
0079921037506,00799210375069
0079921043401,00799210434018
0079921043403,00799210434032
0079921054540,00799210545400
0079921055551,00799210555515
0079921055552,00799210555522
0079921055553,00799210555539
0079921055554,00799210555546
0079921055555,00799210555553
0079921064549,00799210645490
0079921066661,00799210666617
0079921066664,00799210666648
0079921066665,00799210666655
0079921082501,00799210825014
0079921082502,00799210825021
0079921092001,00799210920016
0079966572725,00799665727253
0080154110761,00801541107612
0080154150000,00801541500000
0080154150001,00801541500017
0080154150003,00801541500031
0080154150008,00801541500086
0080154150012,00801541500123
0080154150014,00801541500147
0080154150016,00801541500161
0080154150817,00801541508174
0080154151232,00801541512324
0080154151267,00801541512676
0080154151269,00801541512690
0080154151271,00801541512713
0081016501502,00810165015029
0081016501618,00810165016187
0081016501694,00810165016941
0081016501825,00810165018259
0081047400109,00810474001096
0081047400110,00810474001102
0081053300704,00810533007045
0081053300775,00810533007755
0081053300804,00810533008042
0081053300875,00810533008752
0081053300994,00810533009940
0081076600001,00810766000011
0081076600002,00810766000028
0081076600004,00810766000042
0081081502040,00810815020403
0081081502043,00810815020434
0081081502046,00810815020465
0081081502103,00810815021035
0081081502106,00810815021066
0081091302003,00810913020039
0081091302012,00810913020121
0081091302013,00810913020138
0081135500251,00811355002515
0081135500252,00811355002522
0081135500254,00811355002546
0081140602000,00811406020000
0081140602001,00811406020017
0081140602002,00811406020024
0081140602003,00811406020031
0081140602004,00811406020048
0081140602005,00811406020055
0081140602006,00811406020062
0081140602007,00811406020079
0081218602006,00812186020068
0081242701070,00812427010704
0081242701096,00812427010964
0081298601002,00812986010023
0081298601004,00812986010047
0081302602001,00813026020019
0081342402038,00813424020383
0081355100101,00813551001019
0081355100103,00813551001033
0081355100104,00813551001040
0081355100110,00813551001101
0081355100501,00813551005017
0081498500002,00814985000029
0081498500003,00814985000036
0081498500004,00814985000043
0081498500007,00814985000074
0081498500018,00814985000180
0081498500022,00814985000227
0081498500035,00814985000357
0081509902015,00815099020156
0081509902016,00815099020163
0081542101110,00815421011104
0081542101113,00815421011135
0081542101130,00815421011302
0081542101201,00815421012019
0081542101211,00815421012118
0081542101212,00815421012125
0081542101213,00815421012132
0081542101250,00815421012507
0081542101251,00815421012514
0081542101252,00815421012521
0081542101301,00815421013016
0081542101302,00815421013023
0081542101303,00815421013030
0081733504212,00817335042120
0081733504213,00817335042137
0081767001006,00817670010068
0081767001008,00817670010082
0081767001009,00817670010099
0081767001034,00817670010341
0081767001035,00817670010358
0081767001048,00817670010488
0081767001055,00817670010556
0081767001056,00817670010563
0081767001058,00817670010587
0081781001221,00817810012211
0081781001452,00817810014529
0081841100100,00818411001000
0081916200454,00819162004548
0081916200455,00819162004555
0081916200457,00819162004579
0081957301024,00819573010244
0081957301172,00819573011722
0081957301173,00819573011739
0081957301174,00819573011746
0081957301175,00819573011753
0081957301303,00819573013030
0081957301304,00819573013047
0081957301338,00819573013382
0081957301368,00819573013689
0081957301369,00819573013696
0081989801014,00819898010141
0081989801015,00819898010158
0081989801020,00819898010202
0081989801026,00819898010264
0082745500070,00827455000702
0082745500071,00827455000719
0082983501100,00829835011001
0083418300303,00834183003035
0083686400270,00836864002702
0083765483417,00837654834176
0083765483418,00837654834183
0083765483419,00837654834190
0083765486021,00837654860212
0085019100516,00850191005168
0085019100520,00850191005205
0085019100523,00850191005236
0085019100528,00850191005281
0085027300502,00850273005024
0085027300503,00850273005031
0085027300505,00850273005055
0085027300515,00850273005154
0085027300519,00850273005192
0085037000505,00850370005057
0085037000506,00850370005064
0085037000507,00850370005071
0085062800220,00850628002203
0085062800230,00850628002302
0085062800251,00850628002517
0085062800254,00850628002548
0085109300406,00851093004068
0085109300407,00851093004075
0085109300408,00851093004082
0085109300409,00851093004099
0085122000305,00851220003056
0085122000360,00851220003605
0085122000361,00851220003612
0085122000362,00851220003629
0085148100600,00851481006001
0085148100601,00851481006018
0085148100607,00851481006070
0085148100608,00851481006087
0085148100609,00851481006094
0085148100610,00851481006100
0085148100623,00851481006230
0085148100625,00851481006254
0085148100626,00851481006261
0085148100627,00851481006278
0085149200201,00851492002016
0085149200202,00851492002023
0085149200203,00851492002030
0085149200204,00851492002047
0085149200208,00851492002085
0085149200237,00851492002375
0085177000301,00851770003018
0085177000307,00851770003070
0085177000317,00851770003179
0085177000387,00851770003872
0085177000388,00851770003889
0085177000395,00851770003957
0085177000396,00851770003964
0085242100620,00852421006204
0085242100621,00852421006211
0085242100623,00852421006235
0085242100624,00852421006242
0085269700107,00852697001071
0085269700118,00852697001187
0085269700119,00852697001194
0085269700120,00852697001200
0085269700127,00852697001279
0085269700130,00852697001309
0085269700132,00852697001323
0085269700133,00852697001330
0085269700134,00852697001347
0085269700137,00852697001378
0085269700139,00852697001392
0085269700142,00852697001422
0085269700144,00852697001446
0085269700146,00852697001460
0085269700147,00852697001477
0085269700152,00852697001521
0085303600605,00853036006054
0085303600612,00853036006122
0085303600613,00853036006139
0085315210048,00853152100483
0085331100300,00853311003006
0085331100304,00853311003044
0085331100305,00853311003051
0085331100329,00853311003297
0085331100330,00853311003303
0085331100358,00853311003587
0085331100361,00853311003617
0085331100362,00853311003624
0085331100387,00853311003877
0085331100389,00853311003891
0085331100393,00853311003938
0085335800091,00853358000914
0085335800092,00853358000921
0085335800096,00853358000969
0085335800097,00853358000976
0085340400269,00853404002695
0085340400270,00853404002701
0085340400294,00853404002947
0085343400227,00853434002276
0085355500650,00853555006504
0085355500651,00853555006511
0085355500652,00853555006528
0085355500668,00853555006689
0085361000335,00853610003356
0085361000336,00853610003363
0085361000337,00853610003370
0085361000345,00853610003455
0085361000347,00853610003479
0085364700022,00853647000229
0085366500509,00853665005091
0085366500510,00853665005107
0085366500512,00853665005121
0085371500306,00853715003060
0085371500307,00853715003077
0085382600357,00853826003577
0085388300360,00853883003602
0085403000508,00854030005081
0085403000510,00854030005104
0085418300600,00854183006003
0085418300602,00854183006027
0085418300628,00854183006287
0085418300629,00854183006294
0085420800500,00854208005004
0085420800501,00854208005011
0085420800502,00854208005028
0085420800503,00854208005035
0085420800506,00854208005066
0085420800508,00854208005080
0085420800510,00854208005103
0085420800523,00854208005233
0085420800524,00854208005240
0085420800584,00854208005844
0085420800586,00854208005868
0085420800588,00854208005882
0085421000100,00854210001001
0085421000101,00854210001018
0085426200328,00854262003282
0085426200329,00854262003299
0085426200331,00854262003312
0085426200349,00854262003497
0085465200144,00854652001447
0085465200181,00854652001812
0085465200186,00854652001867
0085465200198,00854652001980
0085474200302,00854742003023
0085474200306,00854742003061
0085508800500,00855088005009
0085508800502,00855088005023
0085508800533,00855088005337
0085508800534,00855088005344
0085508800535,00855088005351
0085518800397,00855188003974
0085601400202,00856014002024
0085601700338,00856017003387
0085601700340,00856017003400
0085606900507,00856069005070
0085606900508,00856069005087
0085607200402,00856072004022
0085607200413,00856072004138
0085607200440,00856072004404
0085607200454,00856072004541
0085645200400,00856452004000
0085645200401,00856452004017
0085645200402,00856452004024
0085645200404,00856452004048
0085645200411,00856452004116
0085645200412,00856452004123
0085645200414,00856452004147
0085645200438,00856452004383
0085650000400,00856500004006
0085650000401,00856500004013
0085650000403,00856500004037
0085650000421,00856500004211
0085650000426,00856500004266
0085650000481,00856500004815
0085651600247,00856516002478
0085660400601,00856604006012
0085682000050,00856820000504
0085682000070,00856820000702
0085682000080,00856820000801
0085682016011,00856820160116
0085742300215,00857423002155
0085742300216,00857423002162
0085752900604,00857529006040
0085752900625,00857529006255
0085752900627,00857529006279
0085752900629,00857529006293
0085752900631,00857529006316
0085752900633,00857529006330
0085814800307,00858148003076
0085814800308,00858148003083
0085814800309,00858148003090
0085814800310,00858148003106
0085814800311,00858148003113
0085814800313,00858148003137
0085814800314,00858148003144
0085814800315,00858148003151
0085907800215,00859078002153
0085921300500,00859213005001
0085921300539,00859213005391
0085921300565,00859213005650
0085921300569,00859213005698
0085921300580,00859213005803
0085921300591,00859213005919
0085958300300,00859583003003
0085958300301,00859583003010
0085958300302,00859583003027
0085958300303,00859583003034
0085962300377,00859623003772
0085962300379,00859623003796
0085977600314,00859776003148
0085977600320,00859776003209
0085977600321,00859776003216
0085977600322,00859776003223
0085981500200,00859815002002
0085981500201,00859815002019
0085981500202,00859815002026
0085981500203,00859815002033
0085981500209,00859815002095
0085981500286,00859815002866
0085981500287,00859815002873
0085981500288,00859815002880
0085981500289,00859815002897
0085997700500,00859977005002
0085997700501,00859977005019
0086054700005,00860547000051
0086054700006,00860547000068
0086105400013,00861054000138
0086105400014,00861054000145
0086105400015,00861054000152
0086385100021,00863851000212
0086385100022,00863851000229
0086956400000,00869564000006
0087320430801,00873204308018
0087449200068,00874492000684
0087449200070,00874492000707
0087449200092,00874492000929
0087449200105,00874492001056
0087449200136,00874492001360
0087449200137,00874492001377
0087449200148,00874492001483
0087449200170,00874492001704
0087449200235,00874492002350
0087449200286,00874492002862
0087449200321,00874492003210
0087449200322,00874492003227
0087449200323,00874492003234
0087449200357,00874492003579
0088124510270,00881245102700
0088124510364,00881245103646
0088124512016,00881245120162
0088124512516,00881245125167
0088124512532,00881245125327
0088124513016,00881245130161
0088124513516,00881245135166
0088124515016,00881245150169
0088124515116,00881245151166
0088124526016,00881245260165
0088428404015,00884284040156
0088428404237,00884284042372
0089014600101,00890146001012
0089014600147,00890146001470
0089014600148,00890146001487
0089044400010,00890444000106
0089044400020,00890444000205
0089044400035,00890444000359
0089044400056,00890444000564
0089044400057,00890444000571
0089044400058,00890444000588
0089044400070,00890444000700
0089044400080,00890444000809
0089044400087,00890444000878
0089147500105,00891475001056
0089147500142,00891475001421
0089147500161,00891475001612
0089147500166,00891475001667
0089147500183,00891475001834
0089147500184,00891475001841
0089168400200,00891684002004
0089168400201,00891684002011
0089168400202,00891684002028
0089168400203,00891684002035
0089168400213,00891684002134
0089168400223,00891684002233
0089168400224,00891684002240
0089168400227,00891684002271
0089168400228,00891684002288
0089177000200,00891770002000
0089177000201,00891770002017
0089177000202,00891770002024
0089177000205,00891770002055
0089177000212,00891770002123
0089177000216,00891770002161
0089361500209,00893615002091
0089435600171,00894356001718
0089445500024,00894455000247
0089445500025,00894455000254
0089543100037,00895431000374
0089543100039,00895431000398
0089543100044,00895431000442
0089543100047,00895431000473
0089543100048,00895431000480
0089543100049,00895431000497
0089543100050,00895431000503
0089543100052,00895431000527
0089543100054,00895431000541
0089543100056,00895431000565
0089543100058,00895431000589
0089543100064,00895431000640
0089543100096,00895431000961
0089553800001,00895538000017
0089553800002,00895538000024
0089553800011,00895538000116
0089553800205,00895538002059
0089553800210,00895538002103
0089553800215,00895538002158
0089553800261,00895538002615
0089554300100,00895543001009
0089554300101,00895543001016
0089554300102,00895543001023
0089676700100,00896767001004
0089676700101,00896767001011
0089676700102,00896767001028
0089676700103,00896767001035
0089676700118,00896767001189
0089676700133,00896767001332
0089676700143,00896767001431
0089676700146,00896767001462
0089676700159,00896767001592
0089676700183,00896767001837
0089676700184,00896767001844
0089685900036,00896859000366
0089685900069,00896859000694
0089703400204,00897034002045
0089726100176,00897261001767
0089726100180,00897261001804
0089746300101,00897463001015
0089758000010,00897580000106
0089758000013,00897580000137
0089758000014,00897580000144
0089758000015,00897580000151
0089758000016,00897580000168
0089765800101,00897658001011
0089798800003,00897988000036
0089798800031,00897988000319
0089798800033,00897988000333
0089798800034,00897988000340
0089798800036,00897988000364
0089798800037,00897988000371
0089798800046,00897988000463
0089798800048,00897988000487
0089798800053,00897988000531
0089798801205,00897988012053
0089798801207,00897988012077
0089798801208,00897988012084
0089798801211,00897988012114
0089845600120,00898456001203
0089845600121,00898456001210
0089845600139,00898456001395
0089845600173,00898456001739
0089855900226,00898559002268
0089855900270,00898559002701
0089855900271,00898559002718
0089855900272,00898559002725
0089899900701,00898999007014
0089899900702,00898999007021
0089958700022,00899587000226
0089958700023,00899587000233
0089958700026,00899587000264
0089958700028,00899587000288
0895431000961,08954310009616
